faces/drew/drew10.jpg;0
faces/drew/drew11.jpg;0
faces/drew/drew12.jpg;0
faces/drew/drew13.jpg;0
faces/drew/drew14.jpg;0
faces/drew/drew2.jpg;0
faces/drew/drew3.jpg;0
faces/drew/drew4.jpg;0
faces/drew/drew6.jpg;0
faces/drew/drew7.jpg;0
faces/drew/drew8.jpg;0
faces/drew/drew9.jpg;0
faces/george/george1.jpg;1
faces/george/george2.jpg;1
faces/george/george3.jpg;1
faces/george/george4.jpg;1
faces/ray/ray0.jpg;2
faces/ray/ray1.jpg;2
faces/ray/ray10.jpg;2
faces/ray/ray11.jpg;2
faces/ray/ray12.jpg;2
faces/ray/ray13.jpg;2
faces/ray/ray14.jpg;2
faces/ray/ray2.jpg;2
faces/ray/ray3.jpg;2
faces/ray/ray4.jpg;2
faces/ray/ray5.jpg;2
faces/ray/ray9.jpg;2
faces/taylor/taylor1.jpg;3
faces/taylor/taylor10.jpg;3
faces/taylor/taylor11.jpg;3
faces/taylor/taylor12.jpg;3
faces/taylor/taylor13.jpg;3
faces/taylor/taylor14.jpg;3
faces/taylor/taylor2.jpg;3
faces/taylor/taylor3.jpg;3
faces/taylor/taylor4.jpg;3
faces/taylor/taylor5.jpg;3
faces/taylor/taylor6.jpg;3
faces/taylor/taylor7.jpg;3
faces/taylor/taylor8.jpg;3
faces/taylor/taylor9.jpg;3